{
  "vertices": [
    [
      -7.036619556703035,
      2.003633835730593
    ],
    [
      -8.27516401201143,
      2.300884505004608
    ],
    [
      -9.629305949815276,
      1.9871199096598147
    ],
    [
      -10.488030105495762,
      1.359590718970228
    ],
    [
      -10.27334906657564,
      0.9962843454130992
    ],
    [
      -9.398110984824374,
      1.3926185711117853
    ],
    [
      -8.076996899162086,
      1.5742717578903498
    ],
    [
      -7.5650651909679505,
      1.2605071625455566
    ],
    [
      -7.977913342737415,
      0.45132478507740575
    ],
    [
      -8.770581794134788,
      -0.01106514490439476
    ],
    [
      -9.398110984824374,
      -0.2752879620368522
    ],
    [
      -9.216457798045811,
      -0.5560247052400882
    ],
    [
      -7.7467183777465145,
      -0.12666262739984488
    ],
    [
      -6.788910665641356,
      0.5338944154312987
    ],
    [
      -6.640285331004349,
      0.9962843454130992
    ],
    [
      0.1634522101564345,
      2.3504262832169434
    ],
    [
      -0.4971048326747095,
      3.902735333870131
    ],
    [
      -6.541201774579677,
      2.3173984310753863
    ],
    [
      -6.078811844597876,
      0.9302286411299848
    ],
    [
      -5.121004132492717,
      1.128395753979328
    ],
    [
      -5.665963692828411,
      2.5651073221370653
    ],
    [
      -5.005406649997267,
      2.7467605089156297
    ],
    [
      -0.6292162412409383,
      4.117416372790252
    ],
    [
      -4.5430167200154665,
      1.3100489407578924
    ],
    [
      0.4111611012181135,
      2.168773096438379
    ]
  ],
  "segments": [
    [
      0,
      1
    ],
    [
      1,
      2
    ],
    [
      2,
      3
    ],
    [
      3,
      4
    ],
    [
      4,
      5
    ],
    [
      5,
      6
    ],
    [
      6,
      7
    ],
    [
      7,
      8
    ],
    [
      8,
      9
    ],
    [
      9,
      10
    ],
    [
      10,
      11
    ],
    [
      11,
      12
    ],
    [
      12,
      13
    ],
    [
      13,
      14
    ],
    [
      14,
      15
    ],
    [
      15,
      16
    ],
    [
      17,
      18
    ],
    [
      18,
      19
    ],
    [
      19,
      20
    ],
    [
      20,
      17
    ],
    [
      21,
      22
    ],
    [
      23,
      24
    ]
  ]
}